Latitude,Longitude,Cluster
55.2645508,-127.6428124,4
45.963283,-66.6419017,33
49.1763542,-123.112783,-1
49.261938,-123.151123,-1
49.88955855,-97.23574396,100
43.55602758,-79.58047695,132
49.278786,-123.098796,127
49.842132,-99.9391497,85
45.8268694,-77.1134778,68
43.6471644,-79.38556364,142
43.89380235,-79.26684341,137
49.8187405,-64.3521419,-1
49.6888667,-83.6595109,-1
47.403476,-61.899131,5
45.520179,-73.563753,-1
45.42987036,-75.72678606,-1
46.0811004,-73.17849063,76
46.976427,-71.288692,-1
46.810448,-71.219443,59
46.814275,-71.184629,59
44.7065995,-63.26166053,41
46.10393465,-64.78543341,45
44.61992796,-65.75478854,-1
47.5024588,-52.7980851,13
43.6435559,-79.5656326,-1
51.09440686,-114.0136597,-1
43.7253857,-79.33233114,142
49.2392807,-121.7654037,-1
45.41471971,-64.55289505,-1
44.22547268,-76.49603868,77
45.7237354,-65.50125974,-1
45.3887634,-75.70949324,-1
48.339894,-70.990359,21
49.2512699,-124.7965195,-1
45.92199531,-64.64283339,44
46.952225,-71.04308,59
53.56571545,-113.5171718,107
53.6801332,-114.350799,-1
52.8820447,-113.2971736,-1
53.4004505,-117.5775021,9
53.535411,-113.507996,107
53.7021138,-113.382376,107
52.26207835,-113.8540778,96
46.8167691,-64.0599094,-1
50.576798,-126.907369,29
50.46389455,-104.6033547,62
45.65713555,-78.49953864,-1
52.4335554,-111.7832364,-1
49.2803099,-123.1228359,126
45.4423679,-75.810958,-1
44.0634989,-77.3990954,78
42.10126025,-83.1057214,82
45.77543323,-64.34872225,-1
46.07212795,-61.39191671,-1
46.4329441,-81.1462562,14
43.6704012,-79.381833,142
44.2292036,-76.48377824,77
45.41745,-75.70892257,124
45.71061766,-63.2859451,38
42.8623852,-80.72174047,-1
44.943776,-65.0711594,-1
52.197279,-113.238969,-1
49.89093415,-97.153417,101
45.62504339,-61.9807906,-1
47.4308649,-68.38683564,40
49.5987086,-109.4080344,51
49.20177737,-122.911292,104
45.04178711,-64.73498352,48
43.536584,-80.2265602,-1
49.8893213,-97.12171504,101
45.386702,-75.67115591,-1
45.410013,-75.67502327,-1
49.8874619,-97.1219732,101
45.5042776,-73.5705301,140
44.231354,-76.49036644,77
43.74130805,-79.41018981,141
45.48203459,-73.86986001,-1
45.565124,-74.371852,-1
43.08431467,-81.82149356,-1
50.44777751,-119.1963924,-1
51.01423945,-114.1162943,84
45.4349423,-76.3522621,-1
45.4886414,-73.59033559,131
49.2800409,-123.1249139,126
49.2593906,-123.1383072,122
46.813474,-71.213162,59
49.2799985,-123.1179808,126
48.425918,-71.182813,21
45.7406362,-81.8083636,15
44.6409598,-63.5672177,41
47.015631,-70.950516,59
48.7575013,-91.6218304,-1
45.0841526,-67.0800807,18
50.118217,-122.9527727,56
44.0027908,-79.46878535,129
43.9971577,-79.4652073,129
48.474117,-64.306798,16
45.45804045,-75.64536098,-1
50.0135873,-105.060519,-1
42.7739751,-80.9716404,112
49.8275309,-99.9500772,85
49.0960503,-99.3400468,86
49.262669,-123.102505,119
48.33,-70.98,21
49.8932874,-56.2222647,-1
43.1331481,-79.38603793,118
45.0593211,-77.8571419,-1
45.51638224,-75.39034873,95
51.1754299,-115.5710521,49
45.421506,-75.7020619,124
45.504783,-73.558005,138
45.504827,-73.557955,138
46.1354843,-64.86036042,45
49.2036368,-53.5149402,7
45.272864,-66.06269,32
54.1267869,-114.401415,-1
43.56788867,-65.57828584,24
45.4886078,-77.6700841,-1
44.2861683,-79.8925045,103
49.2758184,-123.1000334,127
47.568113,-52.7087665,13
46.4034729,-62.2466661,-1
43.09000038,-79.09632897,118
45.158603,-73.928607,-1
48.01303,-66.735892,17
43.21760666,-79.7660966,135
43.2186073,-79.7660154,135
49.16829541,-122.57544,89
49.2643712,-123.2154904,109
49.27937945,-123.1107111,126
49.27619,-123.110438,-1
49.89140768,-119.4940587,79
43.07709464,-80.84176608,115
49.2634318,-123.251485,109
52.0799198,-106.6167818,53
46.983663,-65.5542247,17
50.2284479,-99.4615659,-1
44.4304944,-79.1578601,97
49.2255463,-100.0594487,86
50.7484613,-55.55742888,-1
43.52754258,-79.63719551,132
52.466017,-114.049485,96
43.695537,-79.42423692,142
54.025278,-109.160556,20
49.100562,-105.1719885,-1
53.8317946,-107.03149,-1
49.2799979,-122.9156806,-1
45.38990113,-75.67194336,-1
45.38877594,-75.67495985,-1
44.5661347,-80.9477664,102
48.83462,-72.526657,22
45.5596023,-73.5497097,128
46.0464128,-73.1062579,76
45.514151,-73.531559,-1
50.422182,-101.037933,63
45.4712223,-76.68278815,73
43.7747704,-79.51803621,-1
45.507629,-73.569486,139
52.46397191,-113.7308632,96
45.51600206,-75.39077095,95
52.8346008,-106.8751898,42
49.242077,-123.113759,-1
45.5406362,-77.1001376,-1
54.2712935,-110.7234435,20
52.4050653,-107.2386498,53
42.61256943,-81.89584547,-1
49.15181445,-55.34081284,7
48.513341,-72.220467,22
49.0182776,-118.5064338,-1
51.0421477,-114.017551,83
51.9322198,-114.0319358,-1
49.387838,-123.3325302,-1
44.5396859,-78.5402117,98
50.7716425,-122.8078588,-1
43.1418448,-80.26080928,115
52.12904245,-104.5240359,43
49.733333,-54.166667,7
50.1649226,-105.2672582,61
49.6237146,-123.2033875,-1
49.8916022,-119.4937517,79
50.3811582,-102.5876211,63
44.58624815,-75.68655939,-1
45.219408,-72.508559,93
45.2528876,-63.2835115,36
50.5670727,-111.8769972,-1
43.4763504,-80.55286224,113
44.4956398,-81.3686585,-1
44.60376424,-80.58944079,103
45.20868,-72.741599,93
51.1723077,-115.5732216,49
47.3963249,-79.6851626,19
47.612504,-57.6095399,-1
45.62444905,-79.38557067,50
43.89341386,-79.26753039,137
43.312155,-79.8191497,134
49.2394477,-122.9672589,104
49.5556462,-99.2910043,85
42.30606915,-82.2202438,91
49.2674445,-55.0285778,7
45.42604708,-75.69795572,124
53.52206619,-113.4974344,107
49.1741508,-113.4545181,-1
43.6668454,-79.3641548,142
43.89261511,-79.26690364,137
49.7236528,-107.7393648,66
51.01423945,-114.1162943,84
51.09385585,-114.0129894,-1
46.2247018,-79.3575135,37
43.3600316,-80.31194067,113
45.42136195,-75.68881752,120
45.9271574,-64.3541386,44
43.65090189,-79.38715271,142
50.01987976,-125.2370241,65
50.0326958,-125.2699716,65
50.01530557,-125.2360413,65
44.8903969,-66.9559413,18
53.0131084,-112.8321497,-1
53.0162,-112.8204327,-1
45.275177,-75.7039356,-1
45.38522951,-75.71282832,-1
45.40324381,-75.62160964,-1
52.968492,-113.36792,106
44.230687,-76.481323,77
43.57129054,-79.89266434,-1
43.746772,-79.479249,141
45.4157447,-75.6914476,120
43.8949093,-78.8621701,121
53.47835403,-113.4618585,107
43.64442649,-79.38770643,142
44.2880728,-78.33029842,99
45.428957,-75.708926,125
46.106151,-77.5077378,-1
42.81933883,-79.90449335,111
44.036115,-78.3932448,-1
45.3433515,-72.5140845,93
43.25182544,-79.83122957,135
43.2552007,-79.8730366,135
45.5421326,-73.5476297,128
49.1965263,-98.1114681,81
43.448391,-79.7127762,-1
45.5162674,-73.5831018,-1
42.2675679,-82.9707886,82
49.2016302,-122.9117763,104
43.67322255,-79.4078422,142
42.98471,-81.2454562,108
52.10190765,-106.6071475,53
43.1315581,-80.2511113,115
43.6576443,-79.9498959,-1
43.77088768,-79.21929776,-1
49.09920599,-122.6260122,89
49.8906466,-97.13107756,101
43.6544937,-79.3866913,142
45.42919052,-75.7089802,125
45.42931525,-75.70879954,125
45.429538,-75.709473,125
45.42942,-75.71019,125
44.6386091,-63.56518153,41
43.834586,-79.4290184,-1
45.41262591,-75.68893044,120
49.5116964,-115.7717684,54
49.278055,-123.127484,-1
46.7035187,-64.234657,-1
45.4288476,-73.8269023,110
45.4171217,-75.71663422,-1
43.15986821,-79.92499482,-1
51.0897772,-115.3603695,49
51.6306617,-102.4391119,43
46.1930182,-59.94193455,31
46.6610695,-53.0751169,-1
46.27231894,-63.10277623,26
49.8708406,-99.3609502,85
47.733123,-53.2366225,12
45.567249,-74.378386,-1
46.1596424,-67.5917318,-1
45.1432321,-76.146935,-1
44.8396282,-75.3162469,-1
45.58808662,-62.64174277,39
51.5636838,-114.0990278,-1
46.825262,-71.239569,59
49.17465045,-99.68227946,86
48.270476,-65.912376,17
46.888068,-71.074592,59
43.40426665,-80.67165337,113
45.9159191,-81.9117431,15
45.530242,-73.715862,116
49.280067,-123.098181,127
46.2379202,-72.6036297,87
45.523357,-73.546434,133
46.96881915,-71.01870924,59
48.3028048,-71.1644362,21
45.2935877,-72.1781133,93
48.2791043,-69.4829891,-1
47.55409,-70.534324,57
49.8522554,-97.1704342,-1
48.4223367,-123.4020353,70
45.55398096,-73.55415828,128
45.50873455,-73.55319173,138
45.553837,-73.553893,128
45.508739,-73.553259,138
49.4934048,-117.2916254,-1
45.8235054,-77.0847031,68
47.5498131,-79.2373836,19
43.49641164,-65.70313566,24
45.6318886,-72.942294,-1
47.8413789,-83.4037085,-1
45.12619158,-64.522373,48
45.19245,-67.2802136,18
42.40777799,-82.18240074,91
48.9231056,-123.7171931,70
53.48807201,-113.4785807,107
49.16897019,-121.956597,-1
49.2797742,-123.1023264,127
49.279894,-123.102448,127
46.7931871,-71.38436942,59
48.94323,-72.223758,22
45.64984,-74.942458,72
44.4252891,-78.27213798,99
47.56483455,-52.7141009,13
45.0643499,-64.1806902,48
47.4219673,-70.376206,57
48.0942605,-77.7657348,-1
45.57448904,-73.65946108,116
46.80735,-71.207171,59
49.276084,-123.142663,123
43.49668051,-80.52668941,113
50.4576881,-104.6060039,62
43.9141932,-78.6884533,121
50.0443847,-105.2317271,61
52.744197,-109.0268203,60
49.2078625,-108.3881429,-1
51.0983373,-121.5686768,-1
45.51778583,-75.39186401,95
44.2227523,-76.4913947,77
47.3952717,-79.6857716,19
43.64034796,-79.45996349,142
49.2064788,-123.1423354,-1
45.016231,-72.093781,-1
45.36411269,-63.27940583,36
54.38930315,-110.198861,20
44.69751387,-79.64198651,97
44.67246845,-63.49997644,41
48.749205,-79.287679,-1
45.6493357,-72.6945259,-1
53.56597836,-113.6107219,107
44.50243061,-80.2147346,103
67.02961255,-126.093935,-1
42.18910229,-82.5557837,-1
45.66633135,-79.64109829,50
49.9024636,-99.9423835,85
53.54259812,-113.4733256,107
49.234076,-124.8002453,-1
44.5693226,-80.95397664,102
49.7617275,-125.010833,64
49.67254695,-124.9242602,64
47.6846745,-53.2328221,12
46.23453985,-63.1269015,26
45.48493065,-73.59833719,131
49.2958798,-109.5186382,51
46.4683736,-81.059924,14
49.2385727,-122.8619326,104
48.9513999,-57.941786,-1
45.873756,-70.984726,52
42.79539508,-81.64765255,-1
47.3153583,-70.1438016,57
44.22171316,-76.51379658,77
50.0592171,-124.9833213,65
45.5677909,-73.7434196,-1
45.287601,-74.175477,-1
49.129367,-66.489981,-1
53.489588,-104.6802045,42
49.6921529,-124.9983844,64
48.7407258,-123.6220936,70
48.7786872,-123.7080446,70
47.57068835,-52.69961626,13
48.4223429,-123.3430268,70
44.5251055,-80.32522742,103
49.5107477,-115.7672772,54
45.71061766,-63.2859451,38
49.10648569,-116.5121372,-1
47.5523511,-52.7157918,13
49.6348617,-114.5026035,54
49.6348617,-114.5026035,54
45.82854,-64.201653,44
45.513323,-75.38784298,95
45.51658034,-75.38976511,95
49.6189493,-125.0315783,64
45.51823238,-75.39295518,95
50.9471303,-104.2096383,-1
49.8485092,-100.9322654,-1
45.42046325,-75.70399092,-1
45.56003,-73.67677,116
49.842194,-99.9618249,85
58.453245,-78.104188,0
52.0857224,-114.3105996,-1
44.66663565,-63.56000383,41
43.864083,-79.4259099,-1
43.76969475,-79.41467019,141
64.0606605,-139.4316955,-1
55.7584345,-120.2287297,3
45.42735389,-63.44398129,36
45.51557155,-75.3904838,95
42.8561664,-80.50146165,114
49.09240685,-123.0868134,-1
49.5350543,-124.8165337,64
44.36767917,-64.51216015,34
43.64815367,-79.38048692,142
49.2820335,-112.2027577,54
53.5863666,-110.5251929,-1
45.35186366,-76.05215456,-1
50.6994525,-111.6757745,-1
45.95688215,-66.63582715,33
44.6410132,-63.5799849,41
46.3096742,-79.4378259,37
44.80271556,-79.93296801,97
46.30992025,-79.46538252,37
51.7993048,-108.8367672,60
47.729553,-68.642524,40
46.21351125,-60.0368547,31
49.3388931,-119.6317255,80
52.5846831,-112.5759626,-1
43.40239337,-80.43803167,113
44.05605058,-78.40852499,-1
45.2498565,-78.8911682,-1
45.440255,-73.766766,-1
43.7609325,-65.3241099,25
49.1390751,-58.1184321,-1
45.340326,-75.79470611,105
49.279983,-123.104168,127
53.2638848,-113.5481128,106
49.778782,-92.8363228,-1
44.0913488,-80.1381741,-1
49.5056078,-98.01273292,81
45.51717082,-75.39149645,95
45.51727726,-75.39155396,95
43.26824441,-79.95949583,135
43.2454417,-79.9960857,135
43.26947047,-79.88418486,135
45.51760104,-75.39185015,95
49.2653017,-123.1040486,119
50.8367487,-118.993509,-1
50.6422603,-93.24160124,-1
43.47061295,-80.54495797,113
51.3384981,-112.4949782,-1
45.364511,-71.59785,94
53.54095807,-113.4982063,107
53.5013895,-113.5806189,107
50.2785701,-112.0480885,54
44.30922706,-79.32222148,-1
51.1191284,-106.5986872,67
51.1788113,-115.5689783,49
42.7394151,-81.1923596,112
42.7745248,-81.1556812,112
42.778815,-81.20980205,112
44.0546542,-79.4585958,129
46.4404482,-62.0646864,-1
49.4099168,-99.4567713,86
49.8817779,-97.2339441,100
48.41369634,-123.369842,70
50.5457891,-119.140179,-1
44.94066527,-63.53560982,-1
47.8236362,-79.8677726,19
45.40374751,-75.71491767,-1
47.276551,-61.698501,5
50.8640993,-98.1049794,-1
43.20678703,-79.72227699,-1
46.8755541,-71.0946848,59
45.5610403,-73.5547377,128
45.5160219,-73.5678759,-1
42.0439783,-82.58987652,-1
50.6536237,-102.0763357,63
49.4765282,-111.1059652,-1
42.83498434,-80.30302208,114
45.375539,-73.567078,-1
46.5273405,-72.7503615,-1
45.646679,-75.918075,-1
43.0347618,-81.2548673,108
44.29168436,-77.56523054,-1
43.43250873,-80.30816638,113
44.5372591,-78.7393101,98
43.14549168,-79.26775061,118
46.700528,-71.612937,-1
49.5005675,-115.0640847,54
49.2630895,-123.1058083,119
43.22623098,-79.98003965,135
49.9037564,-97.1316823,101
45.51731112,-75.39040595,95
51.01752815,-114.0361051,83
43.8372648,-66.1157,23
51.01860035,-114.035664,83
43.8397364,-66.1191372,23
50.66697891,-120.3509132,55
42.982082,-81.2558389,108
48.4278218,-123.3468656,70
44.37612655,-64.31242871,34
44.7784177,-63.0152379,41
54.7684717,-101.877881,2
54.769801,-101.878967,2
46.5066496,-80.98759185,14
51.6426053,-103.5366687,43
45.51326755,-73.57127422,139
43.09796685,-82.00057605,-1
51.04461928,-114.0439563,83
58.7166428,-111.1500187,-1
51.15146215,-100.062544,-1
42.88572025,-79.05170716,-1
42.92287748,-78.91746617,-1
48.6100185,-93.3992119,-1
49.9277297,-97.13997464,101
43.24696671,-79.06813508,117
44.2367365,-76.4657688,77
44.23093773,-76.45961674,77
45.8528025,-66.4762838,33
49.9724138,-98.2789381,-1
58.8062848,-122.6939592,-1
52.6814716,-113.5837205,-1
46.257735,-60.1183583,31
50.76385065,-103.7945509,-1
50.7585146,-103.8016252,-1
45.297411,-73.251021,92
53.70961042,-113.2202695,-1
56.24016,-120.8457802,3
58.3840353,-116.0231174,-1
49.694285,-112.851562,54
43.63905276,-79.40348653,142
45.5300412,-74.9930008,72
45.51687218,-75.39059604,95
45.51677544,-75.39053218,95
45.51699593,-75.39052879,95
45.51688334,-75.39028139,95
48.307646,-89.4159053,6
49.0903729,-55.2624907,7
53.9055262,-122.7377572,11
52.7702885,-108.2814133,-1
46.351164,-72.547689,88
45.95983165,-66.6354083,33
46.09403723,-64.77409546,45
45.51682675,-75.39123787,95
53.5962735,-109.5710366,-1
49.8859913,-97.14183251,101
47.395967,-61.801087,5
44.24023862,-76.46201173,77
44.7523751,-63.66426385,41
45.3993589,-64.3242737,-1
48.8823635,-123.3507695,70
49.69247855,-112.847072,54
46.16381775,-62.6469791,26
43.65213914,-79.39087786,142
43.66799378,-79.39351276,142
45.9146454,-77.285804,68
45.401857,-75.70510981,-1
47.0994342,-55.7521184,8
43.63773631,-79.69752053,-1
46.086719,-73.191293,76
55.7545775,-117.338011,3
46.19746038,-59.95810562,31
51.04504775,-114.0612624,83
45.36159454,-74.81812367,-1
49.276261,-123.144436,123
43.25281421,-79.10324617,117
54.398183,-109.2278398,20
45.9159316,-82.4633025,15
45.23354458,-75.90627281,-1
43.45225084,-80.48663645,113
45.50336,-73.570951,140
47.0454494,-67.7397905,-1
44.68646,-66.76508861,18
55.17142016,-118.8073319,3
54.8794297,-126.2037905,4
49.8817415,-97.193665,100
49.8707636,-113.509925,54
49.2638926,-123.1386339,122
49.8733031,-106.5573021,66
46.2091041,-60.6012127,31
43.7584065,-79.8791246,-1
46.093938,-64.77467849,45
50.2751643,-119.272184,-1
48.43157805,-123.3605691,70
48.369878,-53.359843,10
44.9887375,-64.8989627,48
50.4113615,-102.9346619,-1
45.4080325,-64.548446,-1
44.3902912,-79.6855938,-1
44.52296462,-80.94050219,102
43.19352583,-79.56635328,-1
49.2111385,-119.7879308,80
47.019983,-70.673533,58
47.5727995,-59.1379512,-1
45.41349969,-75.70677179,-1
49.276361,-123.144299,123
53.248381,-131.9984043,4
47.448993,-79.6373419,19
43.17635,-79.2529217,118
42.9538685,-79.8575744,-1
45.055408,-78.52097,-1
44.98969217,-64.13918576,48
43.5759061,-80.10860194,-1
43.6502563,-79.8978972,-1
43.50743362,-79.94368811,-1
43.24352778,-79.825751,135
43.26818144,-79.88471105,135
43.25651609,-79.77199667,135
44.04518301,-64.72048888,35
51.6488651,-111.9229417,-1
49.0365269,-118.4778188,-1
51.7345594,-107.5836778,-1
49.4787242,-100.5203922,-1
49.5159503,-56.0131234,7
44.1635581,-77.3816004,78
49.272817,-123.185988,109
45.28941788,-66.05663409,32
48.43031565,-123.4796493,70
45.27192208,-66.05957961,32
55.2564258,-127.6771574,4
49.8970692,-97.1402878,101
45.51772458,-75.39039396,95
44.24515175,-76.52295633,77
53.3647279,-113.7292024,107
49.3591867,-120.0777073,-1
50.4255921,-107.2247366,67
50.4263165,-107.2201894,67
52.7539215,-108.2645261,-1
49.6302497,-105.9865224,66
44.8916604,-76.0055317,75
55.7431532,-97.8392023,-1
43.2289414,-79.9897892,135
49.2844721,-123.1081528,-1
49.6165598,-100.2569715,85
47.0241239,-52.8864783,-1
49.56263215,-121.4320344,-1
43.79036516,-79.3634074,-1
49.20762944,-122.9062113,104
49.67335115,-124.9835852,64
43.6469937,-79.37729885,142
53.2324574,-112.2326228,-1
51.4704149,-112.7295043,-1
49.3770752,-121.4417775,-1
44.2835436,-78.1737193,99
49.2653981,-123.1007282,119
56.026295,-121.9236905,3
52.19899555,-105.1225226,43
43.7470827,-81.7114308,46
44.7360034,-79.8566298,97
44.74303941,-79.88175838,97
44.3070651,-78.3247748,99
43.74891991,-79.67428799,-1
45.500404,-73.563061,-1
49.256761,-123.049576,-1
43.0365808,-80.86730417,115
51.044438,-114.0573379,83
46.393045,-63.79199,27
45.5048298,-75.49389786,95
45.31785986,-75.71428072,-1
43.36777698,-79.82833847,134
46.482777,-81.00486101,14
52.7433563,-111.5469073,-1
48.7651939,-80.6819724,-1
49.9566145,-110.2732872,51
43.82852522,-79.26341163,-1
44.38253185,-66.22000371,-1
49.9455856,-97.1268105,-1
49.1867096,-99.663543,86
52.3383514,-121.4151438,11
44.84111464,-65.291106,47
47.5560098,-52.71320165,13
43.67072784,-79.38555472,142
49.2397851,-68.1437133,-1
52.8761795,-118.0894309,9
45.27371438,-66.05370532,32
45.3951606,-66.0684098,32
53.52626052,-113.5033717,107
47.57294125,-52.68970544,13
44.61302243,-80.62172995,103
43.1472183,-79.37075509,118
47.2431845,-68.7054096,40
43.31868075,-79.80160724,134
43.4449184,-80.49510959,113
46.143588,-60.198729,31
45.51065,-73.567053,139
48.8259486,-124.0562815,70
50.6748399,-120.3364227,55
44.5470824,-78.5457937,98
45.90145743,-64.5169565,44
46.5372808,-63.6912945,27
49.8870905,-119.4942596,79
49.0105396,-118.774688,-1
49.2330186,-121.9307382,-1
45.9729034,-81.5153861,15
49.68658,-115.9861954,54
49.6691039,-107.0053944,66
51.474106,-109.1701658,-1
43.92385745,-79.55108377,-1
51.01423945,-114.1162943,84
45.0772118,-64.4942276,48
45.5267481,-65.82616949,32
44.2171486,-76.53124216,77
44.23003917,-76.480352,77
44.22373762,-76.49323366,77
52.9526263,-105.0286974,42
49.6646091,-103.8514411,-1
49.6474041,-102.6792117,71
54.0531215,-128.6539692,4
49.08699895,-123.0776064,-1
61.3513197,-139.0094591,1
44.3768572,-64.3097439,34
45.51771625,-75.39058669,95
43.82850412,-79.58399827,-1
50.306282,-104.2923425,62
48.581742,-71.632136,21
46.81482,-71.157911,59
46.814068,-71.206568,59
47.603628,-61.476628,5
48.422856,-71.078013,21
46.0930205,-64.77088349,45
48.121605,-66.448213,17
48.533227,-67.55723,-1
56.1879236,-117.6082752,3
50.2548984,-96.0621364,-1
54.7601027,-111.9718361,-1
44.23343808,-64.37074067,34
47.472544,-70.531038,57
44.76618,-62.94958006,41
50.013898,-119.429088,79
49.7684008,-94.4895432,-1
46.8397208,-55.8243781,8
45.01837,-76.3658737,-1
50.8032852,-108.8855462,-1
44.2753233,-78.1715308,99
52.3610584,-106.9569903,53
49.1666277,-122.5767672,89
51.845664,-105.0358085,43
43.16405063,-79.05572281,118
45.895715,-74.159087,-1
45.42775539,-75.67796491,-1
46.037297,-71.915345,-1
46.9386179,-55.5481043,8
45.32340506,-63.50286052,36
48.471549,-70.967052,21
46.4457167,-71.0266042,52
47.389867,-61.788535,5
46.985113,-70.547269,-1
47.069802,-70.540069,58
46.261217,-71.524558,-1
46.80738815,-71.20775334,59
45.5251021,-73.5888259,-1
44.6080715,-79.3936154,97
44.2517776,-76.9495126,77
45.3686635,-71.8604675,94
45.5107786,-61.01257504,30
45.51586369,-75.38949031,95
46.826677,-71.230048,59
46.39496,-72.660903,88
45.538159,-73.5692953,-1
47.373197,-70.399783,57
46.81233592,-71.20312002,59
46.81401945,-71.20649363,59
46.81508385,-71.20246133,59
46.81306228,-71.20304766,59
43.5642691,-79.68601744,132
48.369878,-53.359843,10
45.51545871,-75.39002401,95
43.51206181,-79.61145101,132
48.4830298,-123.3933083,70
49.206046,-66.171304,-1
50.6913213,-121.9371392,-1
43.1635017,-79.2507939,118
43.24919242,-79.07614505,117
43.5619924,-79.6166427,132
45.3133923,-71.8245282,94
45.5609056,-82.0109754,15
49.88775755,-97.27184025,-1
47.421312,-54.8797459,8
45.6266206,-62.7654246,39
44.5788477,-76.3193853,-1
45.51745531,-75.39184465,95
47.6185227,-52.6914631,13
42.9792875,-81.2626038,108
46.08723913,-64.64131955,45
42.85517095,-80.7179492,112
51.01423945,-114.1162943,84
44.5413327,-64.2426915,34
43.6868095,-79.7578145,136
53.5470218,-113.4913987,107
45.27448296,-66.06134497,32
45.3132508,-63.6045096,36
43.18799,-81.4038751,-1
44.28883154,-64.3518098,34
52.0807053,-109.3905355,60
46.13693274,-64.90157528,45
49.3432489,-123.0187218,-1
56.8525074,-101.0522882,-1
49.33827349,-123.0372858,-1
50.23153515,-121.582651,-1
48.238187,-79.022693,19
44.0071927,-77.13226329,78
60.72105795,-135.0516172,1
46.1342687,-61.14154656,30
45.51635529,-75.38960022,95
55.3381525,-123.0885229,-1
58.5134411,-117.1446707,-1
43.65568055,-79.37845439,142
43.16224036,-79.05384828,118
52.3361882,-109.9419837,-1
44.29637463,-76.3140067,77
45.51503652,-75.38993812,95
51.3272022,-107.0839923,67
45.3574153,-77.6117599,-1
45.67800512,-79.69911317,50
44.4488931,-64.387173,34
50.583333,-107.35,67
46.005145,-59.846282,31
45.51571853,-75.38932726,95
47.3564708,-68.2322011,40
50.2384497,-63.6088761,-1
47.3318388,-79.4426042,19
46.0294974,-74.2081804,-1
46.22310326,-72.62349592,87
49.8902247,-97.1110254,101
46.8562818,-71.3551631,59
45.79248859,-63.32746134,38
49.842194,-99.9618249,85
49.9753411,-101.2365875,71
49.8874593,-97.1293514,101
49.8572066,-97.1553216,-1
49.90696705,-97.12962458,101
49.9004774,-97.1345522,101
45.645927,-74.945832,72
49.6378194,-102.4894395,71
49.21037198,-122.5975721,89
46.3558707,-60.9715383,-1
50.1463847,-96.86538677,-1
44.21866851,-76.51761362,77
44.22559684,-76.48386838,77
43.9209803,-77.0531279,78
45.9085885,-64.3760357,44
48.4224865,-123.3665461,70
44.64761745,-63.57096994,41
43.89358,-79.26513907,137
49.204115,-98.8948563,-1
42.10288595,-83.11280809,82
46.8045059,-79.8016052,-1
44.73114575,-79.87109142,97
48.9386195,-55.6590189,7
47.1508894,-55.2223939,8
46.21013171,-82.0790881,15
49.0960503,-99.3400468,86
44.9010976,-76.25045451,75
46.3188557,-78.7079937,37
45.50775,-73.579707,-1
43.89405735,-79.26746598,137
49.4282311,-106.8317639,66
45.67646232,-62.72245796,39
45.47751702,-76.69376264,73
43.26263647,-79.91812559,135
44.60978739,-80.58976885,103
55.0194904,-128.3186839,4
50.0315709,-110.6498835,-1
52.8563522,-104.6137083,-1
50.9377763,-102.8204529,-1
44.76618,-62.94958006,41
49.03489975,-122.336066,74
49.55167405,-96.68691413,-1
48.38058035,-123.5334425,70
49.3695153,-98.2279019,81
52.46437393,-113.732276,96
51.5831272,-119.7185391,-1
45.05370897,-76.50480221,-1
48.5321875,-71.7104161,22
60.72105795,-135.0516172,1
44.24222875,-76.43979624,77
46.8488632,-71.2412241,59
44.22737787,-76.4925614,77
44.0423541,-64.7335355,35
44.92946408,-78.72747373,-1
45.2806096,-71.9690787,94
43.89231569,-79.26701687,137
46.0725513,-66.0653812,-1
47.0335869,-65.4610836,17
52.46342,-113.117876,-1
45.3652155,-77.617235,-1
49.1354712,-122.3047067,74
45.121617,-72.915688,93
45.22798575,-76.19993027,-1
43.65167,-79.52569173,142
45.489016,-73.636294,130
46.0720695,-64.71055947,45
42.83993321,-82.46242709,90
50.3947843,-105.5315042,61
44.99801076,-62.95123543,-1
43.11024472,-79.26444937,118
50.4165785,-107.0429149,67
45.6893205,-72.2688357,-1
46.62742496,-71.98851232,-1
44.9663294,-65.173996,48
51.7922499,-114.1074019,-1
49.0443664,-122.3044922,74
45.61621731,-61.38929636,30
53.525159,-114.0088595,-1
44.2334317,-76.4907331,77
44.22230734,-76.49041953,77
45.8243986,-77.1194596,68
45.50774061,-73.56682834,139
45.49242739,-73.61800368,130
45.51156047,-73.6720556,-1
45.50982677,-73.55116119,138
45.50427595,-73.57341987,140
45.51892911,-73.53710807,133
47.7952579,-64.93833802,17
48.044779,-65.491905,17
49.325175,-67.591758,-1
45.54319998,-73.72114995,116
45.130566,-71.807717,-1
46.351181,-72.548067,88
45.400199,-72.721918,-1
45.420584,-73.496655,-1
47.4402939,-70.5055892,57
45.507828,-73.56679,139
45.778518,-74.003105,-1
46.024312,-73.43613,76
45.405717,-71.894896,94
48.104268,-66.348191,17
58.455121,-78.1051029,0
47.623311,-70.141894,-1
47.659707,-79.314083,19
46.4789797,-64.7078244,-1
45.5129445,-73.5584364,138
46.814002,-71.206847,59
46.061097,-70.543369,-1
46.431364,-71.0136,52
46.117514,-70.673611,52
48.27789,-72.193704,-1
46.038665,-71.915966,-1
45.54706055,-73.66558325,116
45.47782372,-73.65572847,-1
46.649519,-72.967422,-1
45.53496405,-73.514004,-1
48.836718,-64.474653,16
47.171685,-70.306608,58
47.238146,-61.831652,5
45.50898087,-73.55149881,138
48.38743,-70.590368,21
45.4029295,-71.89612,94
48.593137,-68.269553,28
48.424421,-71.076994,21
48.472836,-78.046038,19
45.42994551,-73.66645979,-1
45.974468,-64.5654467,44
45.4812963,-73.5582054,-1
47.5513112,-65.0626781,17
49.88497695,-97.12486746,101
45.2470887,-73.8032881,-1
47.194063,-70.287071,58
46.071087,-72.821653,-1
46.8062847,-71.2217335,59
45.565207,-73.19007,-1
45.405268,-71.894321,94
45.0967173,-72.623971,93
46.232868,-72.610196,87
47.8117027,-65.1865586,17
45.2619399,-74.1099819,-1
46.3483343,-72.55244,88
45.513319,-73.576901,-1
45.4766,-73.592173,-1
45.863884,-71.822095,-1
45.723564,-75.0564,72
49.533333,-98.55,81
45.523046,-73.5930012,-1
46.2325975,-72.6103779,87
45.534662,-73.719762,116
48.449804,-68.5169666,28
46.811955,-71.207959,59
46.34479831,-72.53716561,88
47.829825,-69.54588,-1
45.48921315,-73.63679438,130
45.55341708,-73.55344353,128
46.8113726,-71.1802276,59
48.31756581,-70.85395694,21
46.813062,-71.205201,59
45.2956772,-73.25265372,92
48.59210044,-72.338423,22
45.35906,-72.668844,93
45.305322,-73.253986,92
47.0449182,-70.8952666,58
47.969376,-69.289286,-1
47.612327,-68.792232,40
45.502718,-73.614969,-1
46.370681,-70.922348,52
46.283108,-74.735382,-1
47.5131096,-64.9074959,17
47.3709406,-68.3155721,40
45.218701,-73.229324,92
46.856712,-71.357488,59
48.592193,-72.338147,22
48.521781,-64.212214,16
46.8042957,-71.1829841,59
48.753323,-72.013411,22
49.679036,-67.16727,-1
45.402181,-71.893552,94
47.45730585,-70.36354882,57
48.849967,-67.548748,-1
47.128556,-70.371617,58
46.310991,-70.881887,52
45.50459635,-73.57362,140
46.347535,-72.54154,88
48.133457,-78.122444,19
46.096032,-71.325864,-1
51.4120675,-57.203036,-1
45.42511845,-75.72271056,-1
45.884339,-72.488762,-1
46.800969,-71.225027,59
46.348462,-72.544755,88
45.8798856,-72.4804832,-1
45.571969,-73.7841,-1
46.34493625,-72.53983219,88
47.367739,-70.040857,-1
47.5661803,-69.8681206,-1
50.213446,-66.375888,-1
48.4504531,-68.52917134,28
45.400134,-74.027323,-1
45.639424,-73.840622,-1
48.133217,-69.159825,-1
50.2279193,-66.39257102,-1
45.65163055,-72.69268642,-1
44.51895214,-78.70852968,98
52.1278768,-106.688759,53
45.125225,-71.462772,-1
49.02169224,-122.8074195,-1
49.16781256,-122.5751332,89
50.0326958,-125.2699716,65
42.98300608,-81.25440844,108
49.26946905,-123.2594145,109
43.64495985,-79.4171645,142
43.65459813,-79.44596604,142
43.73929165,-79.62500267,-1
44.22377664,-76.49228664,77
45.494766,-72.310548,-1
43.6387762,-79.38064618,142
47.171132,-70.309002,58
43.64961155,-79.4118298,142
48.1478022,-80.0482754,19
43.013942,-81.306228,108
49.25732755,-123.1366058,-1
45.492172,-73.616944,130
45.575959,-73.659539,-1
49.10459322,-122.7322494,-1
45.528809,-73.714799,116
49.276365,-123.144897,123
44.15589218,-79.87802718,-1
42.9560637,-81.6240167,108
50.4779561,-104.5756882,62
43.3702673,-79.8297747,134
53.6328914,-113.6273901,107
44.9190233,-79.3894647,-1
45.30144688,-79.2035263,-1
45.1179217,-79.5775045,-1
45.261659,-74.13108,-1
53.53521235,-113.4772856,107
43.17372848,-80.29712564,115
56.5421614,-79.2259227,0
50.2425411,-117.8044963,-1
56.0411003,-117.1305743,3
49.1634001,-123.9326489,69
49.1650028,-123.9362744,69
44.520407,-80.0209098,103
50.3522083,-113.7777797,-1
51.5817407,-102.0767427,-1
49.21776635,-122.964558,104
43.6663211,-79.3527778,142
48.579214,-72.232794,22
45.41326339,-75.68850502,120
51.01423945,-114.1162943,84
44.6595611,-63.5927716,41
49.88639645,-97.13766453,101
46.81859,-71.199981,59
45.34919706,-75.74143183,105
45.32727727,-75.74432068,105
47.6178357,-65.6561618,17
45.27451675,-66.06129966,32
45.27328615,-66.06473343,32
45.92349061,-64.64289105,44
45.96223095,-66.6403554,33
46.1346582,-64.8885118,45
50.6308054,-96.985013,-1
49.2078392,-122.9063479,104
47.5296172,-52.7420607,13
43.25511202,-79.07085264,117
43.05916344,-79.12128046,118
43.08861466,-79.09125483,118
43.25214528,-79.0716989,117
50.1071749,-120.786252,-1
45.65594934,-60.86942186,30
49.01294933,-88.26284569,6
46.1045283,-79.4986682,37
51.5110223,-105.0030406,43
45.14749414,-74.5842787,-1
43.15118187,-80.25257713,115
49.2305637,-100.0556285,86
44.743208,-65.5376987,47
43.8932011,-81.3074161,46
54.2246496,-130.2921229,4
46.2099792,-60.2478078,31
51.1709852,-120.1310492,55
49.3380126,-123.0366339,-1
51.08903295,-115.3564559,49
54.6694768,-102.08122,2
60.0026021,-111.8930701,-1
60.0621942,-128.7061763,1
53.390167,-117.6124342,9
45.67497884,-62.70819546,39
48.3789359,-89.2672872,6
48.38226555,-89.24568243,6
52.26359362,-113.8057298,96
52.2747267,-113.7995145,96
42.99527545,-80.59978625,114
49.748092,-107.4872312,66
45.94727518,-60.81766608,-1
45.833904,-64.207838,44
45.56783834,-62.65933573,39
44.6455789,-63.58482861,41
44.64821985,-63.57674144,41
63.74349705,-68.51374166,-1
44.51572855,-77.52491767,-1
44.747095,-65.5182046,47
43.4421534,-79.6667767,-1
49.887206,-97.1338168,101
42.77309196,-82.11999611,90
56.67113525,-111.3459334,-1
42.2840262,-83.068267,82
49.8870905,-119.4942596,79
50.2568714,-119.2637588,-1
45.27331891,-66.05679957,32
45.39058733,-61.50045507,30
42.89351679,-78.92395698,-1
60.7185416,-135.0536571,1
43.56646481,-65.57973479,24
45.9090778,-82.2575561,15
44.66361583,-65.60605202,47
44.3591681,-78.7429248,-1
49.1784098,-119.5601729,80
43.15546063,-79.19433415,118
43.6558731,-79.39505169,142
44.582761,-79.43011942,97
43.714838,-79.34024292,142
43.3985161,-80.1982441,113
45.90051596,-61.09342119,30
48.6487992,-123.3961192,70
44.60839541,-79.41696606,97
43.8654271,-78.8289683,121
49.0330709,-119.4627686,-1
44.3854518,-80.31121097,-1
45.4157447,-75.6914476,120
51.4890299,-107.0536808,67
44.28344747,-64.33485117,34
49.3543542,-54.7392682,7
45.51578353,-75.38943736,95
45.51604031,-75.38964142,95
44.57127815,-80.94488426,102
46.527856,-72.751052,-1
49.2624508,-123.2523425,109
43.68636982,-79.36033724,142
47.457606,-70.363798,57
45.365401,-73.871764,-1
42.1036621,-83.1132785,82
44.63907464,-64.63047012,34
49.3202864,-124.3071537,69
43.90421615,-78.86790368,121
55.138391,-120.9918857,3
56.22362829,-117.2851544,3
49.77198615,-119.7384527,79
43.68498361,-79.75736938,136
46.23485435,-63.13069035,26
41.7372093,-82.6729965,-1
50.322927,-122.8075406,56
44.77524552,-79.93694474,97
49.4737583,-119.5826126,80
44.0403946,-64.712124,35
45.8907243,-77.2643179,68
44.3080783,-78.3016576,99
45.93214925,-65.1755886,-1
42.8938718,-82.1385297,90
47.4649312,-52.7052332,13
48.8694856,-64.2128628,16
45.4295295,-75.69694953,125
43.9260473,-79.07502453,-1
45.51626431,-75.38994479,95
45.51505461,-75.38970882,95
49.485667,-113.9502919,54
45.44043974,-75.9534183,-1
51.3287956,-113.6074734,-1
48.6335658,-93.8288699,-1
49.2649397,-122.6892698,-1
46.806855,-71.213084,59
54.8485106,-112.343948,-1
51.7824375,-108.6501855,60
48.43595176,-123.3772413,70
48.4360759,-123.3772683,70
46.260837,-63.1688058,26
45.50263065,-73.55418115,-1
48.516988,-68.470166,28
45.315506,-73.966168,-1
45.27259213,-66.06204873,32
43.66135771,-79.38514291,142
45.6027864,-76.4885724,73
52.599046,-103.2611841,-1
42.6454937,-80.8059775,-1
53.6680102,-132.1983924,4
42.88762817,-79.25186922,-1
42.78475645,-80.19868914,111
50.7210161,-127.4925135,29
45.6475022,-61.4048425,30
50.5883801,-127.0894605,29
49.27919001,-122.8507565,104
48.5061629,-53.077607,10
55.7149895,-120.131206,3
49.8313649,-124.5271583,64
50.457069,-100.6093711,63
52.47566895,-110.873558,-1
49.6934393,-106.4557443,66
49.1906476,-97.7554576,-1
46.70210542,-71.40196116,59
45.10981151,-64.37929192,48
44.0422275,-77.7370071,78
53.2156729,-105.773884,42
46.62811936,-63.92976755,27
53.9260226,-122.7644043,11
46.5374696,-84.3635902,-1
62.45624665,-114.380029,-1
54.315552,-130.3248307,4
44.23414408,-76.48549524,77
43.1667274,-80.5255509,115
49.4567865,-120.5093798,-1
45.51652815,-75.39111526,95
44.04781702,-77.7396843,78
47.0952592,-55.74366549,8
44.22411301,-76.48470845,77
45.352172,-65.5481522,32
44.6659916,-63.5691658,41
50.1305765,-97.3266531,-1
50.61584195,-127.5698406,29
43.6781015,-79.40941578,142
44.22660633,-76.49242391,77
43.63687645,-79.40804972,142
45.7857158,-66.1443248,33
44.0402695,-64.7123513,35
52.9762271,-122.4894695,11
47.5796208,-52.6842171,13
44.05939574,-77.43420677,78
43.8919197,-79.26661108,137
43.89192613,-79.26651289,137
47.5623925,-52.709129,13
49.2282038,-102.1730689,-1
45.09202834,-64.35560286,48
56.0676379,-118.3686577,3
50.4551063,-104.7394783,62
52.26468439,-113.8055488,96
51.0143794,-93.82149498,-1
45.504481,-73.577584,-1
43.642557,-79.37040111,142
54.72052926,-113.2829237,-1
49.1741508,-113.4545181,-1
45.7300564,-77.2793698,68
49.2806995,-123.1031317,127
48.0655119,-66.3804793,17
46.09411402,-64.77469494,45
51.0000355,-118.1942981,-1
45.647426,-72.142214,-1
49.1641205,-123.1411334,-1
44.89839645,-76.02135526,75
44.67957265,-76.3981541,-1
42.4360524,-81.8833419,91
50.6632462,-99.9607409,63
49.8199559,-97.1137662,-1
52.13389625,-106.6400462,53
43.1617263,-79.0556002,118
50.9027226,-106.8678298,67
50.3851609,-101.7038327,63
45.52967353,-73.55567617,-1
49.1769004,-105.9470977,66
50.66999097,-120.3736019,55
43.15007492,-79.2458824,118
49.286863,-123.132187,-1
46.1851512,-62.580284,26
49.41242295,-82.42374662,-1
42.3650441,-81.8836612,91
44.02546329,-76.93948678,77
52.2919298,-103.812789,43
51.2996461,-112.9510927,-1
51.5531759,-107.9781087,-1
44.7242393,-64.4566695,-1
45.0755666,-67.0514683,18
45.6797378,-76.7884148,-1
43.761096,-65.3232384,25
50.6735005,-100.8131682,63
50.4983172,-59.4782703,-1
49.1632386,-57.4433323,-1
53.54299255,-113.5416464,107
48.4197014,-123.3676159,70
48.4197259,-123.3678546,70
43.6470398,-79.384455,142
45.431451,-75.69926033,125
43.0008751,-81.2337595,108
45.43152514,-75.6992217,125
44.08000453,-81.00054373,-1
44.22770748,-76.46952182,77
45.47958145,-73.595588,131
47.58264305,-52.69519046,13
43.66779539,-79.39421229,142
50.4398168,-104.6164773,62
45.2552432,-75.3573542,-1
49.638013,-102.2747678,71
49.5013513,-119.6110412,80
48.58111665,-123.3971133,70
45.2756393,-66.0647019,32
44.6313165,-63.58166915,41
45.864433,-73.14723,-1
45.404928,-73.956367,110
49.1957492,-117.2811686,-1
50.7101103,-119.2297638,-1
48.8536106,-123.5183971,70
53.8246818,-101.2542738,2
49.2009132,-122.9278272,104
49.19955079,-122.9117624,104
49.9904792,-117.3737555,-1
43.76451149,-79.44112323,141
50.44876,-104.61731,62
52.09491625,-106.6733936,53
50.43290385,-104.5943099,62
50.4468317,-104.6126869,62
52.09084295,-106.6690019,53
46.5079684,-84.3278915,-1
45.51486956,-75.38899423,95
43.7580445,-79.25643433,-1
45.40223702,-75.62471727,-1
45.9584345,-66.6390362,33
46.4691509,-80.9940416,14
49.273743,-123.103652,-1
45.36367625,-75.73632968,105
44.105366,-78.94481265,-1
43.5514984,-81.3947517,46
49.27113215,-123.1448866,123
43.56635644,-65.5805317,24
50.67878391,-120.2950506,55
52.7766192,-111.6916975,-1
42.31208593,-82.94421545,82
50.1818798,-97.4514064,-1
49.9292682,-97.1131789,-1
44.9915119,-64.1426677,48
44.10126685,-79.44188334,-1
48.65288,-123.6116251,70
44.54867127,-80.4519783,103
43.760617,-65.3238608,25
45.1409525,-61.9841453,-1
46.47332665,-67.57888119,-1
50.8367487,-118.993509,-1
48.6488029,-123.3992564,70
43.95748775,-78.17130828,-1
49.0290018,-122.284031,74
43.70946718,-79.65277261,136
49.8416142,-119.9716321,-1
44.4464555,-79.843818,103
49.2768784,-122.8667274,104
45.8525394,-73.757573,-1
44.24456666,-76.5232461,77
48.019392,-65.2503294,17
44.90179095,-76.02836986,75
52.6463211,-114.2416453,-1
45.579278,-75.412561,95
45.5402838,-73.5064607,-1
45.494822,-73.5611097,-1
45.5088811,-73.564903,139
46.7659352,-71.2722327,59
45.97441387,-64.56586678,44
42.7126454,-82.4783163,90
48.3841265,-123.7056407,70
49.3702759,-106.3859754,66
44.26315372,-80.5520307,-1
49.6401401,-102.4929058,71
49.2055869,-119.8251807,80
49.9034958,-109.4811376,51
43.39031298,-79.71091105,-1
43.67902804,-79.40832763,142
55.7783722,-118.8297354,3
45.51678326,-75.39070119,95
45.51688115,-75.39086205,95
45.63417751,-64.07459075,-1
43.3993586,-79.7618043,134
50.1187767,-122.9474317,56
43.15510987,-79.19428598,118
45.90110646,-64.51698719,44
49.658114,-98.343383,81
45.2319768,-81.63142876,-1
45.4104195,-73.6653815,-1
49.8817415,-97.193665,100
46.2926484,-84.035187,-1
46.9380847,-55.4402839,8
43.8121115,-79.331968,-1
44.33380056,-66.11543132,-1
45.1525856,-61.9751073,-1
47.0301457,-65.4612412,17
46.14276383,-60.19871733,31
50.1789339,-96.8235048,-1
49.2762481,-123.1430717,123
47.568113,-52.7087665,13
49.8757021,-97.1191187,101
45.40360916,-75.71573713,-1
45.32923794,-75.82155324,-1
49.294408,-123.137914,-1
43.40464031,-80.48060293,113
52.3175983,-112.7309439,-1
49.1253077,-123.182869,-1
45.519323,-73.53624,133
55.9342563,-129.991175,4
45.23448024,-75.90566851,-1
42.97408412,-82.40691843,-1
53.5396502,-114.0085131,-1
45.0188823,-74.7387334,-1
49.6794143,-103.027161,71
51.0695568,-104.9563949,-1
50.4038616,-100.3976492,63
53.513084,-113.3144622,107
51.9326659,-102.5341108,43
46.4899039,-80.9910467,14
50.3400988,-105.5345254,61
49.6008077,-119.6788487,80
47.5806415,-52.7335473,13
52.2483222,-113.8089541,96
45.71061766,-63.2859451,38
49.3998362,-123.5094247,-1
49.1049308,-122.7318198,-1
45.694183,-63.1514852,38
45.10491,-72.615209,93
48.4659149,-123.3744481,70
50.2980109,-107.7991913,67
45.9254027,-59.9623443,31
46.24505251,-60.23294964,31
45.3949992,-75.8545931,-1
49.5224819,-108.8272092,51
49.7847074,-112.149657,54
49.9217951,-126.6630363,-1
43.65588111,-79.45550181,142
45.51697616,-75.39153566,95
42.94589573,-80.44236571,114
51.0538728,-114.024439,83
53.56122485,-113.5644151,107
43.69437695,-79.3975492,142
43.65458734,-79.38665571,142
43.64678823,-79.38555595,142
51.01423945,-114.1162943,84
49.2804859,-123.1015866,127
47.829048,-69.545458,-1
43.6672408,-79.40015162,142
45.430163,-75.709173,125
45.1927599,-67.2794076,18
44.6533638,-63.5806211,41
43.7594754,-65.3235032,25
48.3624993,-89.3110982,6
53.5540871,-113.5001642,107
45.431425,-73.675626,-1
43.2421368,-79.8172505,135
47.5356545,-53.2075901,12
47.438558,-70.506658,57
49.900087,-97.13616714,101
53.09701411,-113.472862,106
45.412616,-73.941653,110
45.49839,-73.579693,-1
49.8725568,-97.2293853,100
46.2303191,-63.1279131,26
49.05277445,-122.3272516,74
47.5660823,-52.71145761,13
49.20713369,-122.9119034,104
42.9576858,-81.2235227,108
42.31122465,-83.03428894,82
48.5305599,-80.4659525,19
43.45019713,-80.48942736,113
46.09205297,-64.78598893,45
43.12606872,-79.19853912,118
44.3253587,-76.1596281,77
48.3825988,-89.2452145,6
48.4359873,-89.22644813,6
46.1841032,-82.940634,15
48.4737271,-81.3320552,-1
53.6021742,-115.0139347,-1
53.2632744,-113.5548233,-1
47.6570189,-52.7292687,13
43.6790039,-79.33695097,142
43.6547094,-79.38172852,142
43.6416921,-79.38556685,142
43.65191957,-79.37053975,142
49.4928566,-117.2947616,-1
48.317199,-70.855861,21
50.72415745,-113.9685738,-1
49.8746142,-124.55387,64
49.0980785,-117.7084065,-1
46.721105,-79.093565,-1
49.8982754,-97.0691087,-1
43.89431345,-79.2669138,137
49.6268872,-98.7003919,81
51.1424187,-100.0523686,-1
49.274169,-123.09379,-1
48.3696436,-53.3581511,10
48.369878,-53.359843,10
51.8275417,-113.2274718,-1
44.8038305,-65.3582515,47
49.655236,-54.7765719,7
49.2538228,-123.2473213,109
49.26907,-123.259174,109
53.56058994,-113.4870167,107
53.54546855,-113.4877814,107
43.66194935,-79.40224121,142
53.5563838,-113.503555,107
49.277482,-123.1477655,123
44.895705,-63.8337895,-1
49.280103,-123.098813,127
51.0105212,-114.1260961,84
52.4446638,-109.2046231,60
45.4936279,-73.5846119,-1
46.7788415,-71.27521863,59
53.5292436,-113.5282184,107
49.2645689,-123.2476074,109
51.0774607,-114.1326646,-1
49.81120755,-97.13106637,-1
49.89093415,-97.153417,101
49.2666423,-123.1388698,122
45.368806,-71.859193,94
52.836232,-119.2616979,9
53.3028565,-120.1633496,-1
49.238472,-123.128627,-1
43.5391749,-81.4056652,46
49.278453,-123.098757,127
49.268419,-123.110397,119
49.233442,-123.126013,-1
49.1649289,-123.9349625,69
49.277465,-123.147587,123
49.2949211,-123.1485038,-1
49.282247,-123.0987999,127
54.0140007,-124.0146371,-1
49.9081257,-107.2996456,66
45.44448403,-75.66050942,-1
45.51778774,-75.39125024,95
49.511835,-105.622559,66
46.43510167,-63.64107644,27
47.773551,-53.2146813,12
46.344698,-72.540027,88
48.8648891,-72.0821877,22
45.129195,-72.806984,93
47.7833978,-65.0666704,17
43.67002689,-79.39167478,142
49.8871665,-97.1985157,100
49.8507978,-100.9373502,-1
45.3617111,-76.5,73
51.95,-103.8,43
42.5926004,-82.3784349,-1
45.41600338,-75.71533412,124
49.0956092,-100.803722,-1
42.93255473,-80.29800359,114
43.40039775,-80.4385813,113
45.51628794,-75.39090728,95
45.2269746,-75.68282325,-1
49.9053384,-102.0251052,71
43.71219184,-65.9828589,23
42.989043,-79.250666,-1
43.78300906,-80.13200609,-1
53.1036618,-121.5735286,11
44.99379712,-64.1336352,48
45.66505745,-79.64845305,50
49.3335234,-123.1601822,-1
49.33068623,-123.1640427,-1
49.8284753,-119.6298818,79
50.4129033,-105.5117458,61
52.09491625,-106.6733936,53
54.1522681,-113.8536611,-1
52.9694468,-113.3751377,106
50.11761825,-122.9568845,56
47.415479,-53.5292401,-1
44.003114,-79.393096,129
55.0908189,-59.1751116,-1
49.0221917,-122.8086382,-1
49.9560306,-95.9764571,-1
50.3313195,-102.2673483,63
45.33683457,-60.99605424,-1
46.1543939,-60.1841263,31
51.17529005,-115.573298,49
49.2794145,-123.0757838,-1
44.37602283,-64.53226106,34
46.1062535,-64.76720149,45
52.1306236,-122.1410067,11
43.03389196,-79.01975466,118
42.83279348,-79.93681622,111
50.511706,-116.0288768,-1
43.89208166,-79.26752268,137
42.31850631,-83.04242908,82
49.8946664,-97.1425663,101
49.8889694,-97.1342592,101
47.1410213,-55.31444786,8
45.51595048,-75.38956014,95
47.9543064,-53.3291072,-1
50.2065712,-97.6577818,-1
43.4636045,-80.48074269,113
43.129823,-80.75775,115
45.51663754,-75.3907618,95
45.9610731,-66.6385999,33
44.7360034,-79.8566298,97
43.8366354,-66.1157271,23
43.18308983,-79.2245641,118
43.6900216,-79.476208,142
43.857692,-79.3619396,-1
48.42241956,-123.3435527,70
48.4260053,-123.3691883,70
